{
  "version": 2,
  "builds": [
    {
      "src": "package.json",
      "use": "@vercel/next"
    }
  ],
  "env": {
    "NEXT_PUBLIC_SUPABASE_URL": "@supabase-url",
    "NEXT_PUBLIC_SUPABASE_ANON_KEY": "@supabase-anon-key"
  },
  "build": {
    "env": {
      "SUPABASE_SERVICE_ROLE_KEY": "@supabase-service-key",
      "OPENAI_API_KEY": "@openai-api-key",
      "GOOGLE_CLOUD_PROJECT_ID": "@google-project-id",
      "GOOGLE_DOCUMENT_AI_PROCESSOR_ID": "@google-processor-id",
      "GOOGLE_APPLICATION_CREDENTIALS_JSON": "@google-credentials-json"
    }
  },
  "regions": ["fra1"],
  "functions": {
    "src/app/api/**/*.ts": {
      "maxDuration": 300
    }
  }
}
